_id,code,credit,assigned
61f006036f68c48ea69defa7,6NIIGF9MD3,25,F
61f006038171b85214341408,QF843E1TXF,100,F
61f00603f2ed354918075ac1,HFRMPV3ZNR,100,F
61f006035b59fa567397326f,H2YDSWBF0F,100,F
61f0060334aa028f9f61c0c4,27LOCKTHXL,100,F
61f00603ee4e93a4174f1221,EG4TK5S73V,25,F
61f00603dba77fafef551733,T6Z1UKHKA7,50,F
61f00603dbfca97d17c571e4,3KLPU3E57Y,100,F
61f006032d6fdc9ae578de94,ZF93W62R9U,100,F
61f00603e89605d0b27bd368,GV72ETM3U5,25,F
61f00603491e88399fa9b958,R7SCG8LO0H,200,F
61f0060356e1f5500dab8590,3082BUJP9T,20,F
61f00603bcca7868d455b89b,Q7REHW2TV7,100,F
61f00603b054968229f88151,DLSQAS1X9B,100,F
61f00603ef4e8cff8793779f,5DGLJUG83R,50,F
61f006033f243ebde28bff02,E04BPZZWJX,200,F
61f006031b82378fed6ed410,YRZT7A2CXX,20,F
61f006032be23269c3f91b2b,7T37CWJB66,10,F
61f006036767d46c0df8664d,RU2TC8F2OG,100,F
61f00603f473fc457fa6bbce,JRYNDKZ4GM,25,F
61f0060326f7f7044df07398,5H0IPLKE6E,25,F
61f006037acc3e996b11d969,EIUJQA8UD2,10,F
61f006030ae230746802643e,34I8IOEQYM,50,F
61f0060318e46f743ffab2ca,B9HCCKKB8X,25,F
61f006039e02bc4aabea697e,TPVMZCIZ16,25,F
61f0060353664625015dbf6c,TCOZ9TGELC,200,F
61f006032630a34fe82485a9,H3N56CFYCQ,20,F
61f00603f9026538cb729594,8775B54ZP5,100,F
61f006032f2a5685826b6aad,1IP64CCM6I,20,F
61f0060383803edfa6109405,YEKA5Y1OD2,20,F
61f00603240fada2530145de,HGWZSE0N8E,100,F
61f00603f990ff0c25576f34,H55ZN50W8C,50,F
61f006034af5e4d686b344be,D7X9KK5YTC,20,F
61f0060365c94b61f2db531e,WKM8MTZAIQ,20,F
61f0060381316d4de869f480,WB5LZ88Y3P,50,F
61f0060339b3ac6674940718,4REQJC4XVI,20,F
61f00603f8c75160776d2e26,8SMLG6RXWO,20,F
61f00603cbb94e5937c74c53,909WLH5DUY,50,F
61f00603f7caf93998fe75ed,LNTFD6QYFH,25,F
61f006038922935d5878c439,EQD8GHIT2Q,25,F
61f00603504671d2e8bf387a,GDJCWITK7I,100,F
61f00603c1ae1a4e970daaf6,KVR1XRP1J0,10,F
61f0060396a9d2f17edcf32b,QY3RYB5BBV,100,F
61f006038d820d1ade0e641c,B9JIGYVUCG,100,F
61f006038c4fc99a0141b70e,ASTVT2G773,20,F
61f00603ef59d6e546986311,QHPMA0CKLN,100,F
61f006033e05e75faeb12084,KLHOMJV5PK,10,F
61f00603061def736e9a964f,3NCS7SLXHY,100,F
61f0060354df234a6729b2d9,DMK11LJAC9,200,F
61f006035866c4f7607f8fc2,3KZZF6XD1D,10,F
61f00603fe081ad7b6f77418,PKHKQZ10JN,20,F
61f0060333b9a5461496520d,C7X54LSYPI,25,F
61f0060310c1acc81003abd2,FMZ7O02OOD,200,F
61f006035e1fe95fa6081a73,SI1OQ2FV09,100,F
61f00603614f530a57290535,OK82E6TAIW,20,F
61f006035ef356f24caa5255,14Y9CZSUQ0,50,F
61f00603efb7a43af2e92ce7,LMJK05G65E,20,F
61f00603dc5d819dd5dc618a,7TL4NPJE8Y,200,F
61f00603cf3c826ec220682b,7VOYO7EW8Q,10,F
61f006039d9bb2a77f44c90e,V6I8Y53NZ1,10,F
61f00603570c13339df8c260,Z0F2L7ZAXR,100,F
61f006032ccf36e9bdc53460,ICI61XP0UR,10,F
61f00603b2d04e58156b9de3,30OYM0XO0U,100,F
61f00603ddcf0cfc417f013d,Q5GEWY00ZM,200,F
61f00603304ae9257cb6385f,CEJ2ARPJES,20,F
61f00603fd95492a1f03c78b,IWDRBPSZAB,10,F
61f006031c4a6f1c9dc7f048,L0HF8P97QH,20,F
61f00603ef8d15a8ed1e76f1,70DI0E72RL,200,F
61f00603a80e8a0b1479468b,66OFL6A59M,25,F
61f006032656229731f39fa2,0TXVT06O61,50,F
61f0060373c0ade79a1cde9e,3T3VRFNRIV,20,F
61f00603369ac4c65c2c6ee6,0D0BEH4WG0,100,F
61f006035d30cdb670d6ed6f,QN496BCQYL,10,F
61f00603ac8382cdbad036b5,L90NE1A4PC,20,F
61f006031f24bd55254257ff,HG4Q64XUY8,100,F
61f00603d6b33cee94bfb4f0,H4UDQHCFSR,50,F
61f00603e422150ffea8eee3,XXIJQOSKQ1,50,F
61f00603f33484b854617be0,9YDVQJQP0S,100,F
61f0060320c9bff58cb41453,4KNRH7LIKU,100,F
61f00603be8846c8d8262303,SYQ7EM0OBW,100,F
61f0060364dc3c5aabfa5851,Q9C8WT4FSG,100,F
61f00603166b5db6e447eb4a,DETI1ELJEZ,25,F
61f00603c17a0c0d9211f275,WHGJ6FM4GI,20,F
61f00603fcc09cb452272fb5,X5B0USEDGY,20,F
61f00603ff40113e145bbb46,VD51FN1V5F,10,F
61f0060352f1ec63f59bf667,YP0YPAVYUX,10,F
61f006035404790b66db3de4,31SOKF9525,10,F
61f0060361eef8ba5820e49d,XLLRDG4NYD,10,F
61f00603915aa87d6029663a,1FVFAPV50Y,200,F
61f00603d026f4296952c06d,A4GE57CS34,20,F
61f00603c57233ec44a4c872,M4C7TIACQ7,10,F
61f00603dd25e1b31cdc7532,Q3X2V3626W,100,F
61f006030b8df268974fd752,MUXVWDVI8Q,20,F
61f0060305e02e1e92b2a6f8,R89GNLK1NC,50,F
61f006038bc57f9369a21e1a,4OD67EV9I9,10,F
61f0060355c82f882af9ab4c,IVNH221R37,50,F
61f0060366b41dcbeca8e0df,I73PXVNBMR,20,F
61f00603c7aa471a3cecdbaa,HCE4KTJSPK,50,F
61f0060393e33ee7ac020020,VFC8EPW0DX,200,F
61f00603e0aefab30a3b06ec,TCSFRW178Z,50,F
61f00603de88a57427b57e15,MS03A990IY,200,F
61f00603b7eca0cb5aac596b,Z9RZZMGPOJ,10,F
61f00603a07fc289f8158378,W16S8NQIQK,100,F
61f00603beb2fe477db55c61,B4Y7SK0O3A,10,F
61f00603f536d5b5915d6c19,OR0G1IESYM,50,F
61f00603097424025531899e,TS64O4F219,20,F
61f00603595287da29a5cae0,9R7K9DHZNU,20,F
61f00603c489edee6b6fa6d3,EPDMI58IPK,200,F
61f0060369954504d28b8ce4,WBNEZBWOWS,20,F
61f006037fe9f6e86c975e89,IRTYPGJ43N,25,F
61f006035160b31acfcc52c9,XZP1PJ203F,200,F
61f00603b51b6d061041c75f,4T1G98XP4H,20,F
61f00603911436566c692220,V6VPYPGNMY,50,F
61f00603fac33eec15dde98b,C59MM3X6RE,25,F
61f00603bff6809a66f8072b,UCSHSWS3SK,50,F
61f006036a1dfda19f81e257,ON9WDIGC8A,25,F
61f006035982f65720bd8311,BI2NVMW0X9,50,F
61f00603d0b6f3ed794f05c3,LS78B3BF4C,25,F
61f0060349d2e063af8aff24,A5QZYFS7XZ,10,F
61f00603c8aeb4ff2e54e46c,CNHD92CNSF,200,F
61f00603d08a009d8b64f1ab,03BR89OS37,20,F
61f00603f780352aa0e27d1e,RP8TZDYACV,50,F
61f00603c9db15b8b20fa34d,4BQ8EYF22X,50,F
61f00603b86b9de282ef5335,M6BYIZLLNL,25,F
61f00603a3da0c38e5f790d5,F2T06YTUP3,20,F
61f0060340e6ab98c83e32ba,QTXSE2TUBH,200,F
61f006041d5096fc8e7dc551,XCM4MXL608,200,F
61f00604eddd2321fe940d16,HOV466L77K,200,F
61f00604fa7ff9fc006f5757,QTGN0U1MB3,50,F
61f006045ebd6ab3c35feb3d,KUKKZHP19E,20,F
61f00604f7612f653fa29283,3D05V3SDKA,10,F
61f0060437b6d708efbc4d6f,1GF7L9UXXV,20,F
61f0060427bfae9c3114525e,GQQRS3NRJI,25,F
61f00604dd61eacd41277f86,DYQ7T0KN9F,100,F
61f00604e574053354dd147d,4IJXQND9VW,10,F
61f006046ea7d261ca54d1d9,X7E8307M6P,50,F
61f00604d6e4817ef086900a,07QA34LPXM,25,F
61f006042dfc6750ff79eb26,UVFHZXVT27,10,F
61f0060473704528a3ca46c3,PNIW0XB4NH,20,F
61f00604171cc800d1a91dc4,NVQE1FHIE0,10,F
61f006044631a7979eac1404,V2HB61KZCJ,200,F
61f006044e3c1ce6c818297a,0SVMSB43KV,20,F
61f006042831f3d9cf5e0984,OP8KFIVAQW,200,F
61f006041c875dd0dda73efa,PZ5NQT0EQG,20,F
61f00604e97792bef8108e60,KUSBTFIKO2,10,F
61f00604f0f4c69bd4559f0e,GTMM49JV3A,20,F
61f0060433db6d8014b30c19,VGAONQ37H1,10,F
61f0060408e322c50f61c63f,S161MKUEUE,50,F
61f006040f031e3b1d4a33d6,K6PT9UBD8O,200,F
61f006044005a37840508eb0,LQJ3QSEE0E,100,F
61f0060488260cb4bf1afda4,OHLVL70BYY,10,F
61f006048a771545d0750321,8C6UZQKJEF,10,F
61f0060411b8d325f5809151,217A9JQN6F,50,F
61f00604ff4bfccbc7cf3358,83KNECBXUM,10,F
61f00604ea1e5db824b29e23,6VYYERKNEA,20,F
61f00604753b2a8a878a61af,12PQ2G321Z,10,F
61f006048f6a285fdec221ee,8JCGY9WRCG,10,F
61f0060413e500b55e482170,W2WJRWERBC,50,F
61f0060433d50fc4fc25fc11,M8PNET2788,50,F
61f006044d6613db050104ed,3YXBWOSBH5,25,F
61f0060447e88e34cd264eaf,H9TMU304F0,10,F
61f00604eb7ceea1e6d08fa7,XQSJ6BSBPZ,10,F
61f00604b76652dc3718f4d4,ESIFAWBA8R,100,F
61f00604105ff0cd47ae9045,R9BWYAOQEK,200,F
61f00604687924d0e9af89b7,64EZAGMVKU,100,F
61f00604a08950666d2532f1,QVKKZ3TPTQ,10,F
61f006043163895b1e7c41bb,H8AKXJI9Q9,10,F
61f00604f49aff16e4eb0197,7JYJI4TZ3I,50,F
61f0060411d795560373dc70,GW380RGVDZ,200,F
61f006045a72db8a7458d95a,V20THJV7Z0,25,F
61f00604a3af190896bba3f4,V0EW0QHL7Q,25,F
61f006047c1e1fb144d1d382,FU9SUM2GYD,25,F
61f006047b639aefde7699dd,P52QVJNIV8,10,F
61f00604f3c3759efc734f5b,FP16OVGV62,200,F
61f00604d5a5a3ad5b17aa19,ATS4276FYI,100,F
61f0060428b990e8514922c6,3JF25LHU8H,20,F
61f00604f2f0025594532917,05UN2MH2BO,10,F
61f00604bae30ce51825c4a4,6B3HRK9EZA,200,F
61f00604127cc3bc92036cf1,5GTNLMK7GZ,50,F
61f00604c8a739b1663495fa,FCE4C9D2LX,100,F
61f006045c01b19907635c42,661OYG7CI4,200,F
61f00604dc37c3dbb7a5b2b1,AX32330K0V,20,F
61f006045624bebe04dbc940,1KKJVSFBJN,25,F
61f006047782b9fdcb6c68e4,UO6BLB24J9,50,F
61f00604e89392fd206cffb8,VQBIUPTJSV,50,F
61f0060447b33941086b770d,MJH85Y1GE9,25,F
61f00604713e3c87bd2ecb5a,KJP4K5DL68,100,F
61f00604b8a44593f3c740c6,Y1DOT8WY7S,20,F
61f006044950e9e467d9ba35,ZD0N0DFI90,10,F
61f00604ca905552df469b27,ALJD3EF3T4,20,F
61f00604f90ea82370673213,ST031TOIF0,20,F
61f006042c6d83ce6e620e47,DSPG8KHIW6,50,F
61f00604b67b92c22e116bb7,0VJXHBS8DH,20,F
61f00604a9e3797a737cc7ed,PV7CCF31PM,50,F
61f006043d96889f344bc2a1,6EL2B6KVN3,200,F
61f006043300d84bec243d59,1NVQFMPIRX,10,F
61f00604e98bab61bf3db8ce,BDFT5XY1W0,20,F
61f0060440a531f77621f987,VCFUOAHBWM,10,F
61f00604b3a23d7c28f14d30,JF5XBO9PEN,10,F
61f0060416cd7d77d7b05d4c,JAS4T1P6OR,100,F
61f006045d7a3cde4468e6e8,DH8Q4YV0UJ,10,F
61f00604a0cd4c4b0b54b11b,JPZ23M5CQF,25,F
61f00604df4ea960d456ab76,4814NNA29Q,200,F
61f00604113002830d3d9853,2AQ32I89QV,25,F
61f006045218002565a43d44,M21464AR4D,200,F
61f00604491e0cc26de0d058,1550X84L5L,25,F
61f00604870092956cef95c4,364E5HCE5G,100,F
61f006049017151c46278ac4,SLY5DYTKH4,25,F
61f00604f6ad1ab63aafa738,2PODHSR7VT,200,F
61f00604655ef7ce3000701e,XLNVRDL46E,25,F
61f006048ae1e95b0da2f01b,D4M0563PY9,10,F
61f00604978df057d2db8294,W3IE41KTK5,10,F
61f00604e8a5787516a79b6a,DQEVAEOJQY,10,F
61f00604b698cf10e02625b7,9RO444OTNI,200,F
61f0060447a210968ac04e68,Z5ZWU0AC96,100,F
61f00604abe84a5474ea1bd6,7OOXV3U050,10,F
61f006043fcac731991f0374,N0VGJTC5O3,50,F
61f0060415e7d4a648521d5e,IOE2AINU15,200,F
61f006047aecf930f073b04b,K6QCYUGF51,25,F
61f00604deb7c0be772b4b80,R3MJUT642Q,50,F
61f0060432962efa5c20934a,JADLJXUA0S,200,F
61f00604fd88c9ec97ea0d07,JNTW6IX7Y1,200,F
61f00604747d0a577fb099ce,NV2C1I11DF,25,F
61f006044e43318666c5b4f6,EXJ90GFKWE,20,F
61f0060474878798883f7a19,2L261VSG8S,10,F
61f006049757316c79f5b244,KA24KQXOUH,200,F
61f006046038bcff5f35644a,44ESB10FL1,25,F
61f006040b6058f2fd3d9ce1,I47WZ9IZCG,10,F
61f0060402a5b06bda5c86a5,A3BNL2FT12,20,F
61f006045cf1b14b53ba3544,XXY37I1HN0,25,F
61f0060456c53b0e092409ca,KCSYXH1MNN,200,F
61f00604f45e43138ef431fa,714Z2FBG86,200,F
61f00604d140b30248d89344,WB56IO1N6A,20,F
61f0060489faa5a3c25903af,CU2IDMPPCM,50,F
61f0060455fb5d8c5d56795a,A2HHN5OGX1,25,F
61f00604490d53e049fe6cd9,59VN20BWQ9,10,F
61f00604a782709c297ab9c6,LHGRW2RV0E,100,F
61f00604fb1e9060636f1f4d,ZKDG2NFBS5,50,F
61f00604ec73ac1679822952,N0E3S7TRO0,10,F
61f00604d023509498ff08c4,AT4CLDEE25,200,F
61f00604c8269490459887b9,RL67VRS0D0,20,F
61f006047c216cafda7ae8e1,UCVOWE3L12,25,F
61f0060446106337f211943f,6K6Q0CXOD8,100,F
61f00604335039f8c3fe11fa,184B9YU4PY,20,F
61f006048450b813d1f7d481,J4W99J6NVN,20,F
61f006044d70a6134570aa0d,Z3FX3F8QU7,25,F
61f006047120b2295d6b3c4a,G3ZL62Q0NN,25,F
61f006045c3c80c2968cfc3d,F72XFMFK5I,100,F
61f00604f91536e3b0f4e7d4,450HEB3C3A,200,F
61f00604f9ebfb6f815b741b,Z3ZJFDNWO0,20,F
61f006049b58eeb9168e5c10,CQ66CT0H00,20,F
61f00604a84d3e46f0e93b5c,HT1I110CQY,20,F
61f00604a91f5f96ffd0921b,DSNOSJ914I,25,F
61f00604f96290d36df4eee5,2ZO3BE6C50,50,F
61f00604990a6d4f164db6da,1YEHWEDK9F,100,F
61f00604e1a22be056741f84,KHFNMT3L6P,200,F
61f0060467850cf0df864d67,BK5AUEXTW8,10,F
61f00604d7c0c043484bd4b0,V2YGRYDSCS,10,F
61f006044f9fa90bfb6eb118,CMSJNOZN29,200,F
61f0060473ede842a3385d1b,OHCXIO0I97,200,F
61f006040489919f4e965c13,VW25G0U8N9,100,F
61f006043e5661d610756258,USPTW5E956,20,F
61f00604418b62dae4de2149,7SK881PT4E,20,F
61f0060407f0153b7480060b,NU4SK3PXGC,25,F
61f00604920e523dbb9a23ab,R8FBDVMWK1,50,F
61f006046168c06ee72f4df8,9JEOVCQ26N,25,F
61f006044077e96ce64421d0,HBF8HWAK9Y,25,F
61f006048f0804fd78f0123e,Y8ZJJ4Q8G3,25,F
61f00604019ee9af4beaf7db,CMA75F4YYK,20,F
61f006047bf2cb01453914a7,N99GEKSJD7,20,F
61f00604e6d0c31879b9cdc0,7BMAH4MTPW,10,F
61f00604a302a163f8855021,94E7OD8T2G,20,F
61f0060496bdf62338e89cd1,RHHDWXZICW,10,F
61f0060448252625bf50cd9e,T5T6IKSZ6D,50,F
61f00604a1d591533a96c085,ER6AZ3E5W4,100,F
61f006040564750b390a024b,TKD089RUSL,200,F
61f00604e9c119ecb4cee400,IRRHZYT12Z,20,F
61f0060495862fe84ab9a1a0,J6WHST4WKZ,200,F
61f00604253060139265e448,VJ12N8KO2U,100,F
61f00604fc36af37ce416a46,VAOLKVOVQV,25,F
61f006045dfe9785811bf0a4,VK72NOO6ST,25,F
61f00604650fcae0a4ef4f7a,8VMTQNYZ7I,25,F
61f006044e97bb57ae0612d7,O0SVXGONFZ,50,F
61f00604fc28b3e1acc88899,JF2LECPXK1,100,F
61f00604e99c5f011f0b3cab,NNSKS9VLJE,25,F
61f00604a4be3199d48beba7,25GAOQ0NPF,25,F
61f00604ac9a0e938a93e362,A2M5PFUE45,100,F
61f00604f6bf981d25642474,JH5ZFXUAXP,100,F
61f00604372e0d5265f6188b,9VX9T2FIGG,200,F
61f00604bab0e657694e5413,ZVPIM6HHDM,10,F
61f006047e4a46a9c3bd946e,2G72F50F08,20,F
61f006042801fbd321c9df3c,ACVK4CMG5U,10,F
61f0060416a225cc61401bb7,JDWA1ADPH3,20,F
61f0060457157acca28f3567,W7Y2RA937T,200,F
61f0060464b83f39b1b3c1f3,IVKHAUASJ9,50,F
61f0060421d03c219c8bd99d,Z7P2QF4PEJ,10,F
61f0060450403c441a9e6f7d,O2FBOJRU1Q,25,F
61f00604ae92cad32ba09ec4,HFV4QQWNZQ,50,F
61f006040d5e8d6d9b029b3a,EXUNOG0MBP,20,F
61f00604beda4f3f5f8097cc,8J25D98SLH,10,F
61f006046a8aa5033bcdc694,BZ6SBGESL2,20,F
61f006040fe6f275610f68b3,KX94VARL19,50,F
61f0060448cac870580fe518,KXTZC7A913,200,F
61f00604c5756aa7813b2ea0,VSHG6WVT3J,10,F
61f00604838300f694109c86,R5V9OFE0HM,20,F
61f0060476a4a8941dcfdc61,QY9VQ5Z6X7,25,F
61f00604a7ad26b9ce4be91c,QHA00BZWJK,25,F
61f00604c962082d5bebe29c,Z5IBT3L6NQ,50,F
61f00604780a2626a451a3a0,H8AB1AAVT2,10,F
61f00604052c14fdf4b311c2,6VNKGO3F0X,100,F
61f006046809bfb70020ce6f,K6SHFISQ5U,100,F
61f00604546969723d53706f,ZQWH2OFOAE,50,F
61f006046e39c6988ca28c21,9JG2X129SI,25,F
61f00604dd0803304bd3747f,Q4NLFZROB4,25,F
61f0060482422a58261d4d68,LVLOCZHOPT,10,F
61f00604699d8ae101fe254c,QVAK7DIJSN,20,F
61f00604a30fc8dd64a22d2d,28SNCBY4DT,50,F
61f00604c09a85d67905b344,ZST1TL771F,10,F
61f006042b549767bfab0756,6R8KTGEXB8,100,F
61f006041bd14ee48c99f004,D0VI7JZBMY,50,F
61f006045456395c4aea0042,7EOIDQ9MO5,25,F
61f0060475cc73d08247a900,72DYFDOA84,20,F
61f006049fdcd08249dbe1b5,XBT5ND0ZV2,20,F
61f00604a7658d66f3b0b333,57D5YBIP76,20,F
61f00604b9f4a1adf32d29a1,M1WMW5DAC8,200,F
61f0060490fd8988575888cd,1NAD9SRA90,20,F
61f0060407633c59fcc7d74a,BIU0MB69W9,50,F
61f006045f5b105e7a7f9d69,WRAAB4D9UC,100,F
61f006046eb899f83d80cf2c,JWQ3BZ5WJX,20,F
61f00604281b7d1cfdb8dd81,Y4FMFSBJK1,50,F
61f00604fe578cdd52a20911,2P6Q6Q2ITE,20,F
61f0060414edd37bedc0a379,G2J5UJUXUA,20,F
61f006041c312ded9a5fae98,OCC265O7O8,10,F
61f00604724eb339463f4c63,N2Q8DRVVYI,100,F
61f006042be622719bfb2282,U3Q17ZO3D5,25,F
61f00604b8f44264c7ed271f,NUMOHIRQRC,10,F
61f00604b1e76d3b23ce7dff,K06TH1NQHA,20,F
61f006047fbd771b082a11d1,8NIUTTQR5L,10,F
61f00604f83d6e58c94cabbb,IAR4CILP3X,100,F
61f00604724887370c0d1b4c,AGPUO57141,25,F
61f0060433154fb5238017a7,JDUKCDBRVP,10,F
61f00604a1802e6d5a91e7bf,9WQ309SE66,10,F
61f00604f06fe9933c4c7677,3ADEPKMSA2,10,F
61f006049285818c01334161,D0Z3B70UQL,100,F
61f006048a6034bff167d1c5,A9ZEXS4UGK,25,F
61f00604114a5308ebad4541,MI5TOSCFE4,50,F
61f00604e7bb1a8e3dbb68a7,APOP8W0PAT,200,F
61f00604d2d7d349239c02db,E6BDVJDMTB,10,F
61f00604b2a6373d6f018dda,LZ108HUVYH,200,F
61f0060444987c95cf30f887,55ADVJ2FHD,10,F
61f00604107115c19d007418,QGMRA0RD2Y,20,F
61f00604d72bb5d184f2de77,RXGD7UAKSO,100,F
61f006049cbdb0495e617ace,EI7IXBEIJN,200,F
61f00604f56c21b560436d7b,DEUTEXDT4R,10,F
61f00604b45bf94260ec90ad,T5VF5HA8TX,20,F
61f006045515ff3a16f7d640,6NDDIZAV2E,25,F
61f006043f279bbf813560ba,KKZWKBH5TA,10,F
61f00604d246f2ec19e5c1ed,31FB25VZWN,20,F
61f00604eadc1c877c426418,A0WZBJ788B,10,F
61f0060447ef009cab352318,D7Y9MVIVTT,100,F
61f006048e2194ff0fefe0b3,TJ5X5PE6P3,200,F
61f006042667498f6d7c3fdf,KIHYXSRABU,25,F
61f006046fcf0441e6649a71,JGJPLUYFXE,100,F
61f00604b1115e143371872c,X80ORYZ70K,20,F
61f006047590d61afa22943c,B6R8PDVHQZ,10,F
61f0060419e1c2981c4f0a7e,VLX7DVIJZT,25,F
61f006048512e69480a15a42,T9U1TLG1J9,10,F
61f0060415ebe12496fdc122,EZL73790UN,10,F
61f0060466ffaa476801f495,7IXTWRC3DT,10,F
61f00604d4b6ba4535c5a632,9Y7O6MQ2MZ,10,F
61f006041bd296f0cb4af74c,N169ZKZUQK,100,F
61f00604b47ff8ec8ee9c538,2GW6B82DJH,10,F
61f00604f681467cbd0ed269,EEG03U00HZ,20,F
61f00604274cbcfbf8426ac2,O4DREIA83Y,100,F
61f006049360b6eab61f3735,SM83KJS0KW,200,F
61f0060403b8389e9d11c644,T53DYYRKR0,20,F
61f00604776e764b139512b2,EMJGLEYTH2,25,F
61f00604d31116df81bfd76d,9XUAEC9740,10,F
61f0060494f674bd00a87f32,JJBEX1DPNT,10,F
61f006043b831a9159f23bed,H9D1ORFS7P,100,F
61f006042227d44cc670049a,GGLYI6W2KF,50,F
61f006043330726c1b7dbd1e,KNFHXJRYRB,50,F
61f006049edc198ff7d69a0e,C1VP4A15Z8,25,F
61f00604cee6259ea35ab3b4,0R845RBO90,100,F
61f006044ea2ab2f8d04253c,X732OR5C5L,20,F
61f00604238e84477d2b7d60,2JMFA1DOI3,50,F
61f006044b09d53ffd096265,NN7ZGKS758,25,F
61f00604571ef66ae967e1e5,VVCK02II8N,200,F
61f006041e0301b45129c6b9,3WNXIQNNK0,200,F
61f00604edbdea8845143074,UKQSJ63ICG,100,F
61f0060407f673bafc53ebdc,P9907BKZY5,20,F
61f006045851714507d2410f,2M0GASSUWN,100,F
61f00604931675c0a2ce80c1,89OUJP7QKL,100,F
61f006046b75735d61a8e71f,D3BSNM8E73,20,F
61f00604e624aed0e0c867d5,WO43AQ209H,25,F
61f006048dd73eba0b159773,RHOSZNHOP3,200,F
61f00604bf78166b8a38ee4b,P8N2H1CDA3,50,F
61f00604ef0c75785a50b16f,U4VHC4ZK5P,25,F
61f0060424e3aa3064d15ed2,7GV97R1JCM,200,F
61f0060479ddacf702048d4a,0HFYV2T901,20,F
61f006047133dced2e52a290,YVTC4ONE6G,200,F
61f00604c6e3596e19d9c593,4B12R2LO80,100,F
61f00605daa0ace56737fff0,LJ9VO9D5I5,25,F
61f0060572f6ef985339b99c,MT8IO7USAW,10,F
61f00605de25f2d282999f13,EJ2F0HKM5L,100,F
61f0060530f52f6612e283b4,XCVM2AMAAP,10,F
61f00605dcc974a62bdb8739,JENUPG7XQ7,25,F
61f00605d6e4dc332dd28a72,ZG4FYFPNFV,10,F
61f006054336d6380b1f6907,ZA82V2QXJF,200,F
61f00605069c5b44b27a6d93,88CI1FT19B,20,F
61f00605a21cbc1361909267,RJL1SXW0V3,25,F
61f006050c161decb78548a6,7VTOSJQF6U,25,F
61f00605180c5ab2228d96b1,4FT34Q9CC6,25,F
61f006055beb8bd9250e777e,YKBR1GSANT,200,F
61f006054e46e2268941d0d3,NEXMI0FDZ6,20,F
61f006058c9e14f7cdb7de55,Z9JRG5MVFX,100,F
61f0060593a35c287810d4f6,PPS5Y9RT83,20,F
61f0060585f744cef63d5a5f,HPH3VVKF17,50,F
61f00605d5d01577ee046323,I0TX2XH1RN,100,F
61f00605aa147e5f41f82ebc,Z5BWC6YNPT,50,F
61f0060581f4cbc7649fbab5,OJITXHVY3Q,25,F
61f0060545e156a7039ece84,Y1KTCL28M8,20,F
61f00605d22bd4a9f1a41535,D9I4GZRNHB,200,F
61f006051a73f4e3afd15859,V1J37LIX5S,50,F
61f006056a2a00b6c8ee4574,U5WVWFO8OE,20,F
61f00605aafe4f5a9a333ea1,9IRH1Z4XLK,200,F
61f00605220cc0e384c46e68,29F572PUPD,20,F
61f0060539751a1eec4af7db,7NRGHHV8FM,20,F
61f00605de8c4d3123635ff3,5721RJ9B2V,200,F
61f006056726cd4b798cd13d,QRB0YYPTZL,20,F
61f00605a77c34d5ef5e875a,Q83OAMVK50,10,F
61f0060589eda4bcdf49622a,F0TT6YAG83,100,F
61f00605bffd16c373ffdc6a,TL64PVHF0Z,200,F
61f0060544682d2703b0336a,79WANIE8AC,200,F
61f00605a8b69f627288b340,RAIT8EKRUT,200,F
61f0060560c3122c0f681121,RH9QPY6HMZ,200,F
61f00605a2e501f93165f5c9,25B187O7CH,10,F
61f00605426120e487a3179a,CZQXVZXCGY,100,F
61f00605045cf20211ccb83f,QG1ZEVB0EF,10,F
61f00605caf6f7f70560ec95,1AO51HL9H4,20,F
61f00605e54b3655ea906fab,TCL7H80DMI,100,F
61f00605fc0b22799f45fbad,QXENN2SSMT,10,F
61f00605e73b3f7328faf622,BLQNF54S8R,25,F
61f006050e5693a8dad75ad2,SASJVUJZQS,50,F
61f00605f0e51391e9c8c5ef,HY0ZREY3JX,200,F
61f00605c12e8c07239f760d,JAK4JS8KTQ,25,F
61f00605bacdcb678a889048,9EM68XRO2L,100,F
61f00605d0e4a0982a2378e3,KTSAH4PE8B,20,F
61f00605d345c7fd9ad47fc4,3SA6LH97YV,20,F
61f00605987afc72eb219b36,QIP3HV077H,50,F
61f00605d083b6e377f2f82a,IUOTDD24VG,10,F
61f00605ab63e0cb75647f06,JY0N1CPN6N,50,F
61f00605ee5f8f4dd0d3773a,OUEYS0LMBT,50,F
61f006056005b122a2999874,A9YCGN36CZ,50,F
61f006055d57851dd7ef7703,FVYPHFFLH8,200,F
61f0060560c090d80be3ffbf,48WILWUACY,20,F
61f00605a356a8e0d909a414,5U5PEC13H0,10,F
61f00605c46ce4e5353bcc6f,DXPBBAEU5V,10,F
61f00605ca5cabb04d498c4d,7C7GY6WVN8,20,F
61f00605a3cf5de819e9d9c0,BIIEEOQG6N,100,F
61f006057cfa6e4b6e2e8c05,7D6JKU5L4L,10,F
61f00605b925f709ff973f67,KZF337EY9T,100,F
61f006051b2e057eef811db4,J6Y44CTW3K,100,F
61f006052f1c2af5ed8cd2c2,JYU4O80OBS,25,F
61f0060543e55cdc9a568a3a,5UP5FTQ73C,100,F
61f006053e9de708f5a1ce96,TYWRBLYBPQ,100,F
61f006050f95a0f745c39920,YEYYAMNLUV,200,F
61f006056fefefd7f42f799e,ZIMPMVZV5U,10,F
61f00605d0f59e0a52ce3e04,KJH5IF74AF,20,F
61f006059288895004fdcd8d,R4PQ13X5GD,200,F
61f00605a5910b9f70e60ba6,BCRPH99K0J,25,F
61f0060547e41e730bfba1c0,HYDULM08X8,200,F
61f00605c86d645ee7c03089,THOT6BM7T9,25,F
61f00605fa8dbfc5def7f167,VGN6M0BDPY,100,F
61f00605255fbe88617113d0,QPY7KT6VPB,10,F
61f006054c0b7709916fa442,M6NSCKDOSU,10,F
61f0060504bb7ba83de6c6a5,JIKBZSCSK7,50,F
61f00605daf3a35d3bc59e99,RW39QN08VK,200,F
61f00605106f793f72d2200c,D97KVOYDKU,200,F
61f0060551e2e397afaebabc,TBCHFIFKKF,100,F
61f00605303ffafea69ec8a6,O4P7IDCQKQ,20,F
61f00605c8fe7b67154dd84f,4VY22EC816,50,F
61f00605fd435759474df372,DR5CHPEPSM,50,F
61f0060596530036a04de663,3P2C755KXQ,10,F
61f00605140226c51f1cf3d1,7JDVHYYLPI,10,F
61f006058d78921db43ab8ec,CDD0K3ERUJ,10,F
61f006055cac8a951e271fd6,SSRZIXHRDB,200,F
61f00605b8cf373bf974c498,5E3YRGT7PW,25,F
61f00605933d27d92cb96237,WIHPMW86X3,100,F
61f00605acac486bfccc557c,2WJOF6Y4EV,100,F
61f00605291db6af05a63cf3,YUBNKPZRXQ,200,F
61f00605a161b8e197ebae56,0N1DJOUZUV,10,F
61f00605c8f44b734c70fa63,53N3VDOHLD,50,F
61f006055beeeaf10d98f0f4,48UFGBVXDN,50,F
61f00605d1eef2d7265a867a,Y3FBDUFWL2,20,F
61f006057d7d032d23fa7703,9O77DGCWC0,100,F
61f006053d434125e2ad6566,7IIVEUXUVU,25,F
61f006054b2e66605c3c2d8c,ZJ664AHTZT,20,F
61f00605491ef30cbfc7930b,G7EI08LAPY,100,F
61f006053018b6e6d7d025b7,5NC59PT1GM,20,F
61f0060521b78be73acda919,1FG0KYDPQW,25,F
61f0060571be85df571a0344,9PXIA2SZFV,10,F
61f00605879a76918cf1b1d7,GMHYFN8LMS,20,F
61f00605159af7b3102d53a3,2KNEWJF09E,25,F
61f0060522784e4b3d3f0b84,P13SDYIV62,50,F
61f006052c2f6ee04a5a521b,A87I8EXUFF,20,F
61f0060520512b0eef0c50ba,WNHNS605HG,50,F
61f006058db2dcdfcb928de9,E9W8YIBTYL,20,F
61f0060597194c3d19ce0eea,NZ02J65OBI,20,F
61f006058e0152051e82e27b,0KYPVKAQSH,10,F
61f006051eef76bcbba61918,UUOKSMFOI0,100,F
61f006050984e39257f12bcc,M4M4ZA6MDC,25,F
61f00605335c423db6cd3793,ESP1UMRHJ0,10,F
61f006054b0756ec0a4646f1,OEAD1P0UED,10,F
61f006052fda5f6b0e50d51f,M1L2NL10CJ,200,F
61f006054bc5fa48a6cde9b8,4A54XQ6Q51,25,F
61f0060588b7ff200bc40cd3,Y4EMZV0IPA,100,F
61f0060557604af74f790fcf,XUOZIMN5UP,100,F
61f00605acb297897fcc1bb0,J22Z9GVABK,20,F
61f006057bfed4411cb52bcc,CXUUF0SFO9,50,F
61f00605be349cd25867a096,PRQSEKZWJS,50,F
61f0060578a6830eac64fb71,9U66YGVB10,10,F
61f00605c5f9d78b3dc438ff,TQ1A3QNT5D,25,F
61f00605a8b97338e9d94591,0W90I190HF,10,F
61f006051eb7a7abd90ab262,NB6XT29ROC,25,F
61f006055be2a5a1c5f976cd,1H041CR7MP,25,F
61f006059b0519a0a8e7a4ce,62FOGUP7K4,200,F
61f006057911a52991aecfc1,GSSWOJQG6A,100,F
61f006052c0b87ab58c49109,E1B9566DMV,50,F
61f00605e075b3f885828e56,MJPBITWMSL,20,F
61f00605397d8470c5601726,P8COUBCCQD,25,F
61f006052a812a8b914f0566,UOK8XF0MM6,50,F
61f006051aa8418552e02cc2,0KCZ3SXLNU,50,F
61f00605fc57d0c2f933ec3c,GQP6OGXIKA,50,F
61f006059ba65425ba8b7ea8,948XWLQKN4,25,F
61f00605dc879f8b39901f89,HA5UN0F3ON,20,F
61f00605e08f528da0f117ba,VOU18VELMU,50,F
61f00605dbfea09cfa4db9ae,8QXWHZJ38V,25,F
61f00605e5e5fac080337280,UWCV7HCOTC,50,F
61f0060543f2de729edc1e9d,MMZKKU4LK1,50,F
61f006057271b0d41e98133d,ZRP8SB8446,200,F
61f006052d1618b56d0b80fe,A4RSPOSO6B,20,F
61f00605a947c785d9cae54c,G2FVPKFLF1,200,F
61f00605a48d63f9b9b736d6,UXV47N8H5S,10,F
61f006056e0d21dbaa5b7977,QIATMVKIF7,10,F
61f00605bb58fa4f7b799c14,T7M54IMU3H,10,F
61f00605721c18fa2afcb005,9MQIRMU9FM,25,F
61f00605165e2d44a8564b4c,CGDZ0W6VQ3,20,F
61f00605c00adc48b617c1eb,04B28LWCR2,20,F
61f00605110c88313e34e8a8,0P4NKF1NIE,100,F
61f006051db2f8696b8fb446,4ZM08B7CLW,200,F
61f00605e97c7a884bf168b3,VPS41MFM5J,50,F
61f0060580ac09835fbd66a0,1A3VJ8BM78,200,F
61f00605a2332d71031c276c,FAWG83NL4G,100,F
61f006059de6e84c283eba63,0YAF8UEJRR,50,F
61f00605c8e23f826baef035,4P26ZPB3IM,100,F
61f00605be21505bc4699714,SLU24SFY2V,50,F
61f00605b4c353b8c93261f1,X72NBS1GJ4,25,F
61f00605cc6374f24c1f6724,NMLQZYOR8N,200,F
61f00605bbb8e1b06e8a91a4,ZQMW0NRRW4,100,F
61f00605e55ebfd41f4550dd,EA2FOJBY0K,10,F
61f006059ebbbcc11af2e7eb,BFQ15P12DJ,50,F
61f00605da26be8edcda4410,Q7PPTTDSPP,100,F
61f00605a5f96347a138b6bf,RQOKAAYX6H,25,F
61f00605a854c85190d908a5,PY5QDBBT4E,50,F
61f006059826f38b665b42fc,OC5BL7293Q,50,F
61f0060558b3a7c7ec4e9f6f,XCA97VRSK4,50,F
61f006059347b2261387b3f2,F7UL7VPC8Q,50,F
61f006055d17dabf082c9cd6,LEH233EDTE,100,F
61f0060532f1fb8504513b1c,KSY8E1G89O,50,F
61f00605c59650b58c27b414,SISU0D4NPI,25,F
61f00605f866e535667e0261,8CM8UEXZNX,100,F
61f00605bacc5d2a7159d712,OSJP158IU2,10,F
61f00605f6c7695c23fd87d1,WGL03VU2HL,200,F
61f00605cc1f3b72da4001ec,WX98RMK3CZ,10,F
61f0060578cae3e55ae8bacf,XXH3RTJE5N,20,F
61f00605b4a61e1f6ca1c288,3NWO2DU6XB,50,F
61f006055ca081b2b7b74f22,C6USENUE7Y,10,F
61f00605a907f7cbaa836292,P1KJVAHOG1,20,F
61f00605835b39db58c045df,UBCFRMKCZ3,20,F
61f006055baab51bc5341985,OO5AAXSCKN,10,F
61f006056cc0b1e03403e8bb,NDV5ONY0GY,20,F
61f006052d92a971d93bc930,EDHVTA17V7,10,F
61f006059a51656f7a6b669c,U6KL13M57M,20,F
61f0060573702ae0da570fb3,1WHK05E82G,100,F
61f006053ad458602d181da6,BJER1JQGOE,25,F
61f0060576c8a7d35e6a4e15,O2PB328HKP,50,F
61f00605cc356a91ed8e9b6a,9W5OHC37KY,100,F
61f0060568db7e82c57037f2,BV3LBSAP1Z,100,F
61f0060542d43c4814010243,9Y8Q3LRAN3,200,F
61f006051e7f48e93f275c89,QNDPEPDNKF,200,F
61f006056dc46a28f26e08de,RSAYVU1HEV,50,F
61f00605f8166d86120d1dfa,KOXDS54WXI,10,F
61f0060595114da3ff612e4d,LKC46VOBHT,200,F
61f006054b3b48cd13f82ac7,74HTHATALU,200,F
61f00605c67a55f58e238f46,UCBTK7JO82,25,F
61f006055e959c5402a0290e,I6Y2HLRY28,50,F
61f006059ff7c4a2e18217ad,6DGCX9TSVD,100,F
61f0060522b0c7151ba85137,L7Q7F8BNQ0,50,F
61f006056b67d09c3b6ed0ff,UL43GVZP15,20,F
61f0060579d8dbbed7a3a4f8,T1ZAC7N5CI,100,F
61f006051952215d00f4f366,IATSXA37KV,10,F
61f00605d3157eda605c42ad,IS6NOYXPHR,200,F
61f006052c84c38b924f787d,XGKWDJZXC1,25,F
61f00605a07c4c53d826f267,A7CI0ZZXKQ,25,F
61f00605ab9b18f004bef521,BY2SFGGETY,20,F
61f00605ad954efe79abbe9b,KDAP7D9Q9A,200,F
61f006055232daf0611f1e41,GWBZ7M1H51,200,F
61f0060560f63725b38d0be9,6W5JLEUNCV,50,F
61f00605dc86639dfc9dc073,4XLHHC81VF,10,F
61f006059270fc6c48877e2d,0HTV3ZQRZ8,200,F
61f006054c95755280f993eb,ZO19XDHCS6,20,F
61f006052f1b275bf555633a,3MGV1VJLNA,200,F
61f006057385ec25a11e5ca1,K1CNZFFKWX,25,F
61f00605766fd51cd17d63ed,VJXQHJZXDG,25,F
61f00605dbb593a6e81331c7,SOGEO2SZPN,10,F
61f00605a1a8851b1c752c5c,AP78VVEKZK,50,F
61f00605610fdd8f00c5515b,INZZPB6WRW,50,F
61f00605f039ef0c439c8d02,5WR8QLTR0G,20,F
61f006056e5209fb3b05110c,0U9VXLFPV8,50,F
61f00605e5f22a8b42d449b2,Z3IB6IHQ02,200,F
61f00605f067e6f7542c739e,RQ837HCN84,50,F
61f00605c35945a808db60d1,886RSVUMLF,10,F
61f00605a382f0ea3c9f8896,DM01JFW0F8,50,F
61f00605928a123ef2d0ab4e,OL1BG16GEC,20,F
61f006053ddf3af2e7ca654d,52FHLZWIW7,200,F
61f006056da0867254691729,EPQBAGBZFM,25,F
61f0060597f999a1dd19b168,T4367ETGMI,10,F
61f00605531963e0930e188f,TFQRB9LL3L,20,F
61f0060555c90e18512ffb64,T7MLU37T65,25,F
61f0060546d0c2249f002151,ZTQLDQJGGA,10,F
61f00605131de25a3dbfff7d,A80B0AVKVI,200,F
61f00605e65f088881f6a16c,PFQG8BA60V,100,F
61f00605a5132123032244e1,GWLACA89XD,50,F
61f006059a81c422c4126784,EUUXI35XUW,25,F
61f0060553fba461625ba2eb,I107L5RUA6,10,F
61f006059172828684218775,G24UR8KOAV,200,F
61f006055416e7f07cc3d8d3,X8HPDVU85D,100,F
61f0060587c191f3baa7191a,V8OER6BM5E,10,F
61f00605bbea16d9d9c74f0f,LKHQW945KZ,50,F
61f0060552c6376ba60d0bd2,JLBNVO93YE,100,F
61f0060520f44a98ae9b1b86,4SHAI3N061,50,F
61f00605116242a052097819,MRJP0OL90I,20,F
61f006058728ce99093bb8c8,92D8ELA2ED,100,F
61f006058b4ddc42077d23b0,SOQWSY0A1N,200,F
61f0060582a65d8c32841eb6,ISMLJUTJ9T,50,F
61f00605ff77a2480d6958d7,ORLMEGE51O,100,F
61f00605da3637abe2acd645,5QZBEUYGAL,10,F
61f00605cef1096ed2d79079,8L3N0RRYAN,50,F
61f006059712ef8198ba4589,9QAJTLWT94,50,F
61f006054bc539aa1a7bdea6,A5AQ67PC3Y,200,F
61f006052f34e0765adb4cac,4GU1OS7TON,10,F
61f00605643272bed3b60085,UGYVAQYAYD,10,F
61f00605b728bd65ee66394b,PZNS3YGY9F,25,F
61f006051ae495cf8eed274a,741CFU6CST,25,F
61f006051cb70c50cee89b52,VZEZMSP1S7,200,F
61f00605e30c81c81b4c397a,8A2SQ41EW4,20,F
61f006053f95308a98da5582,ZQXV9OV5G4,25,F
61f00605be5287e8b3fa34f2,6WDAFUVILZ,50,F
61f0060591ee54147448bdb4,FD8U30I4SN,100,F
61f00605f55bc0209901529b,85FN9Y5PGJ,100,F
61f00605e894ada8ce1efa90,N2EVRJGPFF,200,F
61f0060581c9a2cfb3c839eb,8C6FNFFR80,25,F
61f00605c8a46e8900a07c82,LMWS5Y500M,50,F
61f00605a5c66f722f327f1b,5JLF965ITZ,100,F
61f00605527bd4e901dbf480,ZDFGLI6LUI,200,F
61f00605d63dd846804bd342,OUDUFDS2W1,20,F
61f006059d464403f162a2fd,TBGWS39HCH,100,F
61f0060557e095b4dd560ad3,CUR67UZ3LO,10,F
61f0060501fddeb31af1b566,3U8C6UY3DD,25,F
61f006052731eeda3dc4f625,K9XVA1GMD4,200,F
61f00605b35ad64a77059397,CMQHB0G953,25,F
61f00605978e456dcfeecc14,WGSF5QN8IQ,10,F
61f00605131bf56c083160cf,MIL9R66MSA,100,F
61f00605752d76f9c92fb0f2,4MHCHFAPAH,200,F
61f0060636c21b139af96a07,OVNZWHO5LH,100,F
61f006064cd470c84707c87f,WHVH900NKG,50,F
61f006069838a96ea4b91e16,PD6IADPXGM,50,F
61f006066325bbdb9f1ac2b5,GKDEBK6IZ3,100,F
61f00606bc3165b780f11e60,QBN4BQ2057,100,F
61f0060697d5ed0b33f0e8e3,IXL97JHOH9,10,F
61f0060694f1e467f446fdfb,CLWRCADLBI,100,F
61f00606597ade7b9464d555,B4QAXHM9WE,10,F
61f0060616cabc56d42bd0cb,NILESRMG2V,50,F
61f00606cfae647f23963c69,8AMV4QW62O,20,F
61f006062af909c02264464b,9TQML8CAZE,10,F
61f006061118f15e6e7dfd4c,UOEO8UBS2G,10,F
61f006063299a3b4860f01a9,BA7HUCPWZE,25,F
61f00606567578ab23e1aee3,WPDYXNQLKJ,10,F
61f00606f69026c725822b59,BCHUBD8IQ6,200,F
61f006064ba68425ecb19b40,W5MK2LCG9H,200,F
61f006066c7cad96ece71e84,I3Q67R7WXZ,50,F
61f00606a380f2781cbc51a6,UYUX3J96VN,100,F
61f00606c0a7f3649f63bb7f,B80GVHW5CI,25,F
61f0060657efc32748bd51f6,5QPOHYM2PU,25,F
61f006066a49f696ab84a43b,G687CU2293,200,F
61f0060663bd01c1027a6dff,JGJXIG983N,200,F
61f006060c832afd62621292,R6O2YZKC7Q,200,F
61f00606caa3675e752ef715,D0J71CJCZG,50,F
61f006060a058811dfb74a6a,1LORJIWTO7,25,F
61f00606e76edb97b86f43fc,WIKDM4H0PL,20,F
61f0060686b8a1b096837089,BKMK9K5A5F,50,F
61f00606fc4dbfad91a2a30a,PRWBF2Y0CT,20,F
61f0060697a5c3c784ce3c38,SVO4GCKPFX,200,F
61f0060644048875adb62e5e,JBVBNIIGJ3,25,F
61f00606dfd9a56943ec7502,MEUBBWRY2H,25,F
61f00606f6d19f1edfc8753f,2PHQMD46BX,20,F
61f006065c1db0271ac3385e,174K9I2YI0,100,F
61f006061a30c90ca92440ef,UW9GR0Z1KL,200,F
61f0060623d32f7c858e2e5e,POQI7BZ6JX,200,F
61f006065bfc771483e53957,AHMUCJE5NY,25,F
61f006062574e072b5acdebf,HF7KRXGEPF,50,F
61f006062e347ce4bbcb6925,ZP0C8DSRXB,25,F
61f006063e9d68c27f06449c,SWSTW8L0UC,10,F
61f0060650ee5cb2c6a45c87,6W11CDL2QV,50,F
61f006065a5bc05fc837293e,DQ163CNK7L,25,F
61f00606fed96c817317eab1,KDWY63FYML,200,F
61f0060603824c858b7c7137,BPB9BM506Z,100,F
61f0060607572e3439987d1c,KKTM65OZLW,200,F
61f00606d28927efc1ff7b3d,PYGG9UP3ZY,25,F
61f00606146e616fc33644f7,7U3ISYU6WV,50,F
61f006069ded0eff21a41295,WTIDVI9DC3,50,F
61f006064c30782d99a29a39,K0TN8J2ECU,20,F
61f00606be632ed3dcc9596e,879WYF11GY,100,F
61f0060610b7b35ebcdfa065,LDUWDMFHIU,20,F
61f00606f52f2303fa31ffb4,MAA6XWA6F0,100,F
61f00606a24cca4ac45b63a0,L70US6NN7M,10,F
61f0060664d6d33edf86d907,45OJVB3ADW,200,F
61f006068e34c43e6f34d2b5,BKAQQVTRE3,50,F
61f006067ec8233a349f4818,B9ZRRVXGEA,10,F
61f00606fb3dabdb9ebeab4e,T3021PG0O9,20,F
61f006065f65312762b3d1ed,3TZXLQASFN,10,F
61f006067b48971dc404ded2,S97DHYST03,50,F
61f006069cfad0a025f0f677,VUEK24L2VN,100,F
61f00606519e0ecb8118e6e1,NZYRNWVOKI,50,F
61f00606e3fac2dfc34da445,5DO0ZLR17S,200,F
61f0060660e8e3eb90dbb17c,ZDNK56K31M,20,F
61f0060604c47b3a5336b8b7,C5DLW572QB,50,F
61f006064203f6ca92a6950e,KXTQGSOI1C,20,F
61f0060643b311569157dd0d,YJBN46GAFF,20,F
61f00606b95af0bd864c1c49,JF8PT2R65X,100,F
61f0060663cc52bdf80762d9,819VSXXD63,10,F
61f006065c8e04abb8ef2628,0UZJ1C0MVC,200,F
61f0060680d2a02fe390f212,M8EOVN7NAU,10,F
61f0060670417d7f59642a7b,EDO002PW5U,10,F
61f0060627d6d1f9bc2c4299,BPUUU4EL6X,200,F
61f0060676240835bada928d,NDZHSPWG4Z,20,F
61f0060660a1d72854224b7d,I84S8LAI1D,20,F
61f0060641874bf9cb3546df,BV7F0NZN0P,200,F
61f0060681a048b3730a81ad,H4GGSOLO3S,25,F
61f00606d0fb038b8497389d,M99MRYPG6N,10,F
61f0060662796cea67d5f51b,S4GC058BAF,25,F
61f0060624cf207b0e1d6b63,WECDMJMEDZ,20,F
61f006062a726143fcc66d1b,PRBLACA4WP,50,F
61f00606522e27201feb8805,Q0VSZQ6V6E,20,F
61f006066bf77f048228dec9,JVZG7GJ5Y8,50,F
61f006064d2907dacdddd8a8,5GXQHT1LR3,100,F
61f006065a1d07e8820afd31,E5CZRW6V1I,20,F
61f006067f66305df3968647,556B3CADCF,20,F
61f0060649a9f1117a82511b,IS26MYFUJX,100,F
61f006066fdf5d0e095cca12,EU7AQMOBFK,25,F
61f0060678c860f856488328,A24ZJNNVJG,25,F
61f00606958f0a59d0c64217,L5VYMBN4AG,100,F
61f006061fbffca928f3902a,Z1JLNPIBM8,25,F
61f006061a6577c0633a3b30,BPJXHK4CH6,100,F
61f00606f55047788deb595c,BQHYS7JQDW,200,F
61f00606231ef55f961e2235,31JOLA91TG,200,F
61f00606a8c0ecf77819a56d,UO2940X0B5,25,F
61f006069a6bd8fa7bd5e0ef,PQY1QP1UHX,100,F
61f00606584cdffebc045b91,PI8TVCI1J8,10,F
61f0060639ed3884a69b2abd,1TZGFNSPVH,200,F
61f00606cd81a9a183b4b283,DEPSA66NRH,200,F
61f0060637fdc6899fe3f76c,RW6VVSU2EN,200,F
61f00606c8175f9f3daf93e8,USMI3IH4CH,20,F
61f00606276da246e60dba54,LCMZK5D0H2,10,F
61f0060658b59086f485d6c2,HLDKQ98C9F,20,F
61f006069f96e352f4f18489,AHRK8FMJNM,100,F
61f00606d12cc35c33218d13,5J9JB5WKAO,25,F
61f0060683c28781a9fd5e9b,40PPEJRVVU,25,F
61f006068af5a658fbd6b30b,BH5CQ8BFO8,10,F
61f00606714b2c981181670c,0R37W1ODT3,20,F
61f00606ea014144d07986cf,7OCHVJJFWY,25,F
61f00606d236956454093446,ZG3LAIAUT8,50,F
61f00606b3d97a2f98f3d236,2QXV8ZRPFG,25,F
61f00606de11d4dd727da0bc,3H8MSU9K3L,10,F
61f006069ed8f689c071df5f,HK0IF2LP0T,50,F
61f00606a5f58857ddcef189,YCWJW97P5E,10,F
61f00606d783331e3bf416bc,72VL4P27NO,50,F
61f00606f029df01b6b9e7b3,WEIC01DVVV,10,F
61f00606ea08d0613dd9a231,YZ6G4VM3DV,20,F
61f00606249948ef7564316b,QQNWHL961C,10,F
61f006067b827452ffe9ac86,6BPL39IFPX,20,F
61f00606518df369888613eb,SSU0ZL1WEF,25,F
61f0060690dbbea6bbac8d4d,UMJZVJT639,200,F
61f0060614556a2603c19853,IBMCKUEFIW,50,F
61f00606848b920d9aa4693b,L3MD8SFOLF,100,F
61f006062285108291b6aa56,BAKWV9IA83,200,F
61f006069d3f390e020a83e9,MZQAFDPCJ1,20,F
61f006067c09d13b1e4689e1,HH9CNXD6DK,20,F
61f00606a77639a6b038553e,B8FC0IX2JJ,20,F
61f00606fce5d5149bfa3899,2Z5606VAX1,50,F
61f006061fe884ef6d0be6ca,6FE4N09YBH,100,F
61f00606ad4ce6c688fec10a,4Q28FDQMKB,20,F
61f006067de88d6a7b3d9a0e,DDO3AARP54,50,F
61f0060687c490949cb5c035,JHHJYLH7AJ,10,F
61f00606162f952c487122ac,UKVYZAQ3A1,100,F
61f006062ee497f41fe34fef,A2JRQSZ62M,200,F
61f006065d16e3a2d911f9f6,H6PMK3E2D3,10,F
61f0060686b7bcb0d83a15aa,P824Z88LJO,25,F
61f006062e3ba5289e28ba08,LPDZUVFWW8,100,F
61f0060638b41bf8a77f7492,73BYO35PUJ,200,F
61f006064daf4454b7fe346c,XTNYGKLIP6,200,F
61f0060680d507c255b5cab7,FPUY1N3T08,200,F
61f00606006906fff433a7e8,JC3EYBNLI2,50,F
61f00606f3104449ddc54c3c,SAYSBY13H0,10,F
61f006065f8fb44a6594e739,TZZDGJYTPZ,10,F
61f00606d8094bde5bf6b605,X7CCSVWGLN,50,F
61f00606214506802e00e5c2,EFJJ3SMBB8,20,F
61f00606a4062d13e4b61dcb,TRBIII0KHJ,10,F
61f0060609f742c98a77e364,7OD94SUFWU,10,F
61f006064a6d5ee245019eed,W2P63YA2J0,50,F
61f0060691ad972946a96675,AX346CP6GU,25,F
61f00606a0917a306bf4418d,XD55INDO7A,25,F
61f00606b6206d2cd99a4dd9,0YFCG3VXI5,200,F
61f006069fe851cb545c66c6,LM6STSTQWU,20,F
61f00606fc2e3a88c5080d92,NM32YPNHAN,100,F
61f006064af2378343feb140,6V5XH0WEI1,25,F
61f006064e2eefd03bec69ef,9TMRKV741E,10,F
61f00606c8be09eae25e3389,H5OZMI6H8I,50,F
61f00606af46c2e4dd968859,LLWYX585JO,10,F
61f006067df19448c9d5e533,1WO2IO36IE,10,F
61f0060610d186432a1dd6c9,PQMFYYYA9L,50,F
61f0060674ff032de056308c,BX9FDR61L4,10,F
61f0060698bd1fa5fab234cf,B3EISYLME8,25,F
61f00606c33ff53eeae45c82,JSNBM6BPMN,50,F
61f00606edcdaba249616612,SCE0IGX7KR,25,F
61f0060600ec6b58b3c3df78,N4YN1XENXU,100,F
61f006062bf510149b0ebd70,L70RO7B56U,200,F
61f006066d93993dc0b39eb5,VTWVU0X7JA,200,F
61f00606c1a3f00030b1f586,KEQH6MLPX6,10,F
61f0060662288e7fb3fc854f,3PDT1UW340,10,F
61f00606ddc32125c995c18f,7TSYSF8PC1,25,F
61f00606d16370732b5fb5ff,ESKFI2445E,25,F
61f0060639c64d8835e0a1ec,QAACS83PAW,200,F
61f00606c4fbaddeef6aea15,WA9JQGU3X0,10,F
61f006064a7bc8971dc57eb1,4W993KYM8Q,25,F
61f00606f6d7a4edf042e187,RPG3X347PI,20,F
61f00606a8fa97b88484f909,QIEP1HYC0P,200,F
61f00606bbf147b149661ae3,1R8D6UI1E7,10,F
61f006067f6b6672ce923ae7,4MZW1ML7OC,25,F
61f0060621b9c1fde57b0e85,KVCCAJNATK,10,F
61f00606f6b1ba53b9c52de3,GOBEERRRVW,10,F
61f00606dacb100017e8e025,MMQK0QRQJT,10,F
61f00606e22dc1680fee0d3a,JZJW6A3XG1,10,F
61f006063285f2f2badddc91,40USP219OR,20,F
61f0060622bf5f9078c30df2,MEXI5TE84B,200,F
61f006060db5301a3fdad979,D44IH5X6Z1,20,F
61f006067459fbcd4bd99053,0OHRI9O3TP,20,F
61f006062ad2f36e72847beb,170F1BCOHJ,200,F
61f00606fbaa1fc6764b7123,8G6FJMUDDG,10,F
61f00606e0379a77b80dc8e1,6U5CALVC6F,20,F
61f00606fafb6906e3577cb6,ZH53RE2EFD,25,F
61f0060663c7dd9fc8eded3d,HMXINMQ986,25,F
61f006069252ecde086a5d79,NOZOEPPLBC,100,F
61f00606faef2824d184e376,65WQJM9I0J,100,F
61f00606dc51478866f01993,E5RTGVEWDS,50,F
61f00606afbab980ba5e36e6,0GNQW130YW,20,F
61f00606ba10169b3e178ad1,XJ9RPCTTFN,100,F
61f00606aaac983099bf3fdf,44Z1NLN1Y8,20,F
61f0060694dd4e3da45cbce2,KMMQ5M9JEK,10,F
61f006067eeccad958036788,LHURAIA2E0,10,F
61f0060634327288c4c569eb,D9C3FPT9NF,200,F
61f006067dda50b54aa3ad7e,HT2WHYPSDY,20,F
61f00606f1d492115cf44bfe,K3VNTTSMJJ,25,F
61f00606f251aba73f33af7e,227LYU2Q83,200,F
61f0060695648b12e94daad0,C0B58F42OJ,25,F
61f006062af49dd24a2fefd7,NBC45WPRLY,20,F
61f006062727bd3060f7f0c4,VSLEH0YNUK,50,F
61f006067302acb23e831191,QF6ZKKZ8Y5,100,F
61f00606fda6f4a628843542,FPM6OLX0NR,50,F
61f006068ca50705698cf1a4,DUF9SHHTB7,50,F
61f00606f8e9440f0deeae78,A7SCT0E04A,100,F
61f006060f95dea318905246,4YICF2HWFK,20,F
61f00606e38e246eb74578a4,BQWV4S9WYR,20,F
61f0060650e80d71d6b8e1bf,LVS3VCI0PB,200,F
61f0060677642c07bd8295fd,AR866AO4UA,50,F
61f0060608aa0e970e4960e7,7GTU4HP74K,100,F
61f006068cecb7a0b7f273ca,B8LT4VFUHN,25,F
61f006064d866fc97384eb6a,TRDIDPN7IM,10,F
61f00606ab14b78b6ae85f77,5ACYSPDSRA,100,F
61f00606872e87a830931ce6,DSMMYTL6IJ,100,F
61f0060631bcec170a600770,RSKGN35FW3,200,F
61f00606440872ae5ff3e4d2,ZL6E85XIZU,10,F
61f00606ce4b7adfd957195c,8YG58LCUMH,200,F
61f006068c8605aad5a8d1df,WGRIR7RHIA,25,F
61f00606d29ebe10d440515a,NT47O296J9,20,F
61f006060fa56ca22454ab16,PAG0VEJGW1,200,F
61f0060638fad942bcd786e9,F0WF6TRRFO,10,F
61f006068c9cc2861f9a240d,69JZM80OOO,200,F
61f006069a484b972005efd7,1PY1PN58TD,10,F
61f006061b6c9edf5fb69f42,BP24XFYB46,50,F
61f0060604f4385b77f33219,QPTKXFKADB,100,F
61f00606ac04452272a8b66b,25ZJSV45MX,200,F
61f00606e708f0e58e8b0709,TDI8JM3GRU,50,F
61f006062c6f33bd130fba6c,SSNI4A0CF5,20,F
61f00606d2bd0e231206967d,S6Y7FMPUN0,25,F
61f006062942320ee532fdcb,1TKS2WVBVZ,25,F
61f00606bd0b0282f0a318b7,Y2Q214PZEY,100,F
61f00606d2b586482363091f,CGF2F25E3G,25,F
61f0060686c19222e3bd6c4c,2DO54S1DIV,100,F
61f00606132351fbce8c0953,DNVQZWL5CH,20,F
61f006062d0bf70faab80874,200V0W0MTD,10,F
61f00606ccb9ec55e995e139,CIP6S7OVZ1,10,F
61f00606b4bdc3376ab0815c,HNSTF38Q2J,25,F
61f0060690d19c41700308d9,ORW1XAMORS,100,F
61f006060bb4e83bf6fcab74,NPZD68FMJ8,50,F
61f00606a7b30ad499f505b0,CQ4XT5P7VP,20,F
61f0060625b73327c666e16b,CYEJAX2ATY,200,F
61f00606e16fc85087ddc175,24IAWDR4KO,200,F
61f00606d07bb27d77847864,E563HHD70M,100,F
61f006063cf20d23a1052ca3,Z3EEIWY1PH,25,F
61f00606d38db05852cc52ec,D1B16EJ00A,20,F
61f00606f90814747371aba5,M0WE7047PO,25,F
61f00606da12fe214a79ac4a,TFCNML8XX6,10,F
61f0060620408da77fb95e64,1GD13WWRAJ,50,F
61f006062250a6494f195180,0XIN4FSJ94,50,F
61f006065629484ec11d9890,D3722PJAXP,10,F
61f0060616f8924f8fb9b5dc,IIZMVLMQID,10,F
61f00606a133ce24aa7afe90,JL1NPIP6K9,50,F
61f006062e6783cb10a19ee4,KWPXUT0J8H,10,F
61f00606abb2578b47d034f2,3SY16J6IO7,50,F
61f00606a14ed2bdb63db39e,GQXHOC43EK,20,F
61f006060e3fe0299cb4ac4e,TP9FEKNQW5,50,F
61f006061b2a2a8df2910c6f,Z74Q7WVYCE,10,F
61f006065733d3c4de45ba5d,4ASWT734J9,50,F
61f0060644a39bac34b7557b,V0PZ0AUXS1,25,F
61f00606a6b7e19e7f379473,NPEHHOP4CG,200,F
61f006061bbf15e5e05f17fa,RXXZCU3OM2,100,F
61f0060663b3361972a110a4,JLQ57O51MT,50,F
61f00606b5d0710a4a976a58,EVS1W8NOP7,25,F
61f00606fb34f345df430c3b,5FV5FU4OJU,20,F
61f0060636c5cb18a88a2120,W1A9D54O7Z,200,F
61f006062fed200220296ff1,ZGDKE7OSPQ,20,F
61f0060695e99216354d7a27,OI16C6WHDO,20,F
61f00606b0cec9638ce88753,HGH0FP4FGS,100,F
61f0060671a114ec59bf3f9f,VHEEDULBPJ,200,F
61f006076911eb0d9efead55,8BBCVO8ES7,200,F
61f0060763da0f0f9359795d,XBCTXRF579,100,F
61f00607ea08b77951c0ab31,0FAV50UQSC,10,F
61f0060716a65b4f20700dde,AC0YICA1L5,200,F
61f006078ad234b23fe08113,IWLRAOG6RD,200,F
61f0060740653644961bc67f,JX7I4XTZZ6,50,F
61f00607cdd6d22ce6c29163,9MXYN3FD7W,200,F
61f0060747a9e82e17a8709d,DHEWNVPBM2,50,F
61f00607d54ab10afe701fe7,8M6XZ1CVOL,100,F
61f0060762e4fd2087e3e575,39MT8AAFDT,200,F
61f00607c38840d0f155b657,NH8MEDMYVA,100,F
61f0060705386c495b090c76,62S52MC6LA,25,F
61f0060795a1623ef69bba18,P5YFTVDCJ8,10,F
61f006071aa1c0c7e385dfb7,C3I351SHDP,20,F
61f00607dd00bbf87f3fe117,7UD67IWE1Z,200,F
61f00607731c17f033cae0ca,J87IQLXCH6,10,F
61f0060776b7af0722c9a016,3FA3HMNZG8,25,F
61f00607a1cfed10cc87d9e0,1I056K895J,50,F
61f006075ce329108addcac3,74DQ6H7RIW,10,F
61f00607b76cfc3806a05c2c,N65J9NLZPY,100,F
61f00607103df4d22485c52f,IWGHS7RRLU,25,F
61f0060755f03ba4a62102be,6TMI9WUL4G,10,F
61f00607d89dcc9723bd666b,GXIV5TKHV9,200,F
61f00607c85749f1a4706c1b,IGX7UPIEJ7,50,F
61f0060708ae4871c6293b12,BR472U7P45,100,F
61f006075daa32e6514f2e0f,3ZL0M58ZO3,20,F
61f006072694eff424d9d55b,UXZN7UK9K6,25,F
61f0060725cbe42244e139fd,2DJ5LMKRZH,10,F
61f0060704296a06e120ba0f,XPPHPM8Z75,20,F
61f0060760dbffb92ed5abfc,FVM8L6QZFI,25,F
61f006076c354ed43d1ea90c,5SZPW4TUSH,10,F
61f00607ec519176348c024c,FFDTO320N4,10,F
61f00607c181dac02016c12b,XGFO2YT326,10,F
61f006074ce3de779a11fdc9,80H8TGM7A7,100,F
61f0060788ed3921a966bd73,KQWT6HKDFO,25,F
61f00607cd8b6df6f42adf53,P09VDPHO7F,10,F
61f00607848935b57886a9f7,5DWY8JU11Y,50,F
61f00607fa0cc8fb057921ea,5ULAL2VEV6,50,F
61f006078af83a80deee6a5a,D7KI3KEPIR,200,F
61f006074dabd78e421a5de7,5Y6J2NUFTH,25,F
61f00607234db8dd6928b99e,KERZRW6CQ0,100,F
61f0060761214f3d44600fb4,ZO29Q350TB,100,F
61f006075b584cb48807a9e6,IMM4VNDYMC,25,F
61f00607c259e603127e95b9,I11DQNU41Y,100,F
61f0060708715eb38625b473,MOYBVQYZ6F,10,F
61f006071e64bdef3ece7609,SHVI31EDSI,10,F
61f00607a2ef2aee20ce1b9f,RCDXFYR87U,50,F
61f0060744d094ca244cf566,5ZR5PG1NSP,20,F
61f0060774f29a041853cd05,9R5GHY8PXY,10,F
61f0060787da0fe3a1f4c0e4,C3AA01ZVA4,100,F
61f00607bc835c14553dec85,PA5PZI2P78,200,F
61f0060746a72d8a17a68eb9,E4O4EHCYSA,50,F
61f00607d0cf5e1908bf904a,PBA4WI9CCT,20,F
61f006078697054f2743340e,CDOH9B8F7K,200,F
